implementation,n,k,dim,wcss,time_seconds
kmeans_a,1000,10,784,2078440305.4155662,13.976142746003461
kmeans_a,1000,10,784,2139265792.1198606,18.41502913000295
kmeans_a,1000,10,784,2121325517.6082904,14.206012791997637
sklearn,1000,10,784,2172744223.774927,0.1839523550006561
kmeans_a,1000,10,784,2105386655.8307052,18.354618223995203
sklearn,1000,10,784,2172744223.774927,0.17087783699389547
kmeans_a,1000,10,784,2105386655.8307052,18.702101513001253
sklearn,1000,10,784,2172744223.7749276,0.16498142699128948
