implementation,n,k,dim,wcss,time_seconds
kmeans_a,1000,10,784,2078440305.4155662,13.976142746003461
kmeans_a,1000,10,784,2139265792.1198606,18.41502913000295
